"user_id","username","name","first_name","last_name","community_role","followed_by","following","blocking","follow_request_sent","profile_url","avatar_url","verified","is_blue_verified","created_at"
"222112674","musyihab","MUS","MUS","","Admin",false,false,false,false,"https://www.x.com/musyihab","https://pbs.twimg.com/profile_images/1816674413099778048/qAxZHrME_normal.jpg",false,false,""
"1071738934294540288","fajardharmaa","®","®","","Member",false,false,false,false,"https://www.x.com/fajardharmaa","https://pbs.twimg.com/profile_images/1346804365332385792/ba6rHauC_normal.jpg",false,false,""
"1315625151652741120","basrengena","ia","ia","","Member",false,false,false,false,"https://www.x.com/basrengena","https://pbs.twimg.com/profile_images/1511916935751278592/VpXanJ0R_normal.jpg",false,false,""
"1331299513093345281","serbukmatchaaaa","Queen","Queen","","Member",false,false,false,false,"https://www.x.com/serbukmatchaaaa","https://pbs.twimg.com/profile_images/1602365484409577472/y9rwS_5g_normal.jpg",false,false,""
"1161570610608144384","nisqaaaa","nisaay","nisaay","","Member",false,false,false,false,"https://www.x.com/nisqaaaa","https://pbs.twimg.com/profile_images/1792442888728821760/CoqBRQis_normal.jpg",false,false,""
"2455672302","strvoa_","𝙋𝙧𝙖𝙮𝙤𝙜𝙖","𝙋𝙧𝙖𝙮𝙤𝙜𝙖","","Member",false,false,false,false,"https://www.x.com/strvoa_","https://pbs.twimg.com/profile_images/1507294179868971014/osmISIzk_normal.jpg",false,false,""
"1338051660879253504","helogaisss","Pan🍨🍨","Pan🍨🍨","","Member",false,false,false,false,"https://www.x.com/helogaisss","https://pbs.twimg.com/profile_images/1582525214386049024/Y2vp5Avk_normal.jpg",false,false,""
"1278618034341466113","bobaxmango","me","me","","Member",false,false,false,false,"https://www.x.com/bobaxmango","https://pbs.twimg.com/profile_images/1613786460716683265/3-CP1OvO_normal.jpg",false,false,""
"1208760127920033793","joqigerbvng","phalyn.","phalyn.","","Member",false,false,false,false,"https://www.x.com/joqigerbvng","https://pbs.twimg.com/profile_images/1666824385309855745/D6eg5RxV_normal.jpg",false,false,""
"1471738095837990912","MHendrooo","muhammad.hendroo","muhammad.hendroo","","Member",false,false,false,false,"https://www.x.com/MHendrooo","https://pbs.twimg.com/profile_images/1802269884921028608/KMg3giPP_normal.jpg",false,false,""
"2954513509","adalahjodohmuuu","kentank🐽","kentank🐽","","Member",false,false,false,false,"https://www.x.com/adalahjodohmuuu","https://pbs.twimg.com/profile_images/1797658894384418816/6B6GIq1L_normal.jpg",false,false,""
"1199902167026388993","begadanggmulu","nopi","nopi","","Member",false,false,false,false,"https://www.x.com/begadanggmulu","https://pbs.twimg.com/profile_images/1721559114562887680/rHHhJbxT_normal.jpg",false,false,""
"1109368526354018304","calicocatmiaw","⟭⟬siput-⁷","⟭⟬siput-⁷","","Member",false,false,false,false,"https://www.x.com/calicocatmiaw","https://pbs.twimg.com/profile_images/1515683620706430976/hkPtCEms_normal.jpg",false,false,""
"1195331388968275969","Anadevia_","Bunda Nora✵👷🤍💚🍉","Bunda","Nora✵👷🤍💚🍉","Member",false,false,false,false,"https://www.x.com/Anadevia_","https://pbs.twimg.com/profile_images/1568585200334176257/QUyPzSyh_normal.jpg",false,false,""
"1268935533494808576","Nabighhh","nbighhh","nbighhh","","Member",false,false,false,false,"https://www.x.com/Nabighhh","https://pbs.twimg.com/profile_images/1542556021746704386/7FaeiMB-_normal.jpg",false,false,""
"1038933279838068737","han_dw1","handwip","handwip","","Member",false,false,false,false,"https://www.x.com/han_dw1","https://pbs.twimg.com/profile_images/1674191207784919040/qpTfVy6Q_normal.jpg",false,false,""
"2916193982","JDaestination","Confused","Confused","","Member",false,false,false,false,"https://www.x.com/JDaestination","https://pbs.twimg.com/profile_images/1216676552332603392/dfziExKu_normal.jpg",false,false,""
"1247964181883523072","fwydchick3n","🍗","🍗","","Member",false,false,false,false,"https://www.x.com/fwydchick3n","https://pbs.twimg.com/profile_images/1819261191140802560/Bx1KvlTk_normal.jpg",false,false,""
"238480939","emngbacot","bacotelah","bacotelah","","Member",false,false,false,false,"https://www.x.com/emngbacot","https://pbs.twimg.com/profile_images/1568894812711178242/wh1WHdD4_normal.jpg",false,false,""
"1372094922040307713","wolfgangdior","engjra","engjra","","Member",false,false,false,false,"https://www.x.com/wolfgangdior","https://pbs.twimg.com/profile_images/1826704795580739584/Lnqoqly1_normal.jpg",false,false,""
"1449758107052118018","mr_kowalski__","mayormemet","mayormemet","","Member",false,false,false,false,"https://www.x.com/mr_kowalski__","https://pbs.twimg.com/profile_images/1527596753788485633/Qh50SYH__normal.jpg",false,false,""
"1159017857084096513","uniqsekax","wuzzick","wuzzick","","Member",false,false,false,false,"https://www.x.com/uniqsekax","https://pbs.twimg.com/profile_images/1756938222318583808/xhVHBcAT_normal.jpg",false,false,""
"483060289","urdesiredprison","icadgodlike","icadgodlike","","Member",false,false,false,false,"https://www.x.com/urdesiredprison","https://pbs.twimg.com/profile_images/1722928135719829504/oPNOsh_c_normal.jpg",false,false,""
"1257491294353453056","minumnyaesjeruk","Chocochips","Chocochips","","Member",false,false,false,false,"https://www.x.com/minumnyaesjeruk","https://pbs.twimg.com/profile_images/1602803715039035392/lSLSiXjX_normal.jpg",false,false,""
"175277914","setiawanADV","Cloud","Cloud","","Member",false,false,false,false,"https://www.x.com/setiawanADV","https://pbs.twimg.com/profile_images/1292221971963420674/zpaHwBK4_normal.jpg",false,false,""
"1072522709161062400","anayadtiv","𝕍𝕚𝕥𝕕𝕒𝕪𝕒𝕗𝕒","𝕍𝕚𝕥𝕕𝕒𝕪𝕒𝕗𝕒","","Member",false,false,false,false,"https://www.x.com/anayadtiv","https://pbs.twimg.com/profile_images/1526907156003713024/Uv_YrMex_normal.jpg",false,false,""
"4564027214","whhiffle","★","★","","Member",false,false,false,false,"https://www.x.com/whhiffle","https://pbs.twimg.com/profile_images/1823707494314860546/232BWIiE_normal.jpg",false,false,""
"2493855319","kembaliihidup","IblessU","IblessU","","Member",false,false,false,false,"https://www.x.com/kembaliihidup","https://pbs.twimg.com/profile_images/1463884341130321932/AR9ZM59X_normal.jpg",false,false,""
"2571835380","Falix16","zer","zer","","Member",false,false,false,false,"https://www.x.com/Falix16","https://pbs.twimg.com/profile_images/1281026389919985664/bM680s_m_normal.jpg",false,false,""
"1496034806324350977","von_tain","von 🍏","von","🍏","Member",false,false,false,false,"https://www.x.com/von_tain","https://pbs.twimg.com/profile_images/1799738809367842816/yUT0tM2u_normal.jpg",false,false,""
"598381053","Elkhouriy","sisitipsy","sisitipsy","","Member",false,false,false,false,"https://www.x.com/Elkhouriy","https://pbs.twimg.com/profile_images/1711540399335165952/vkrdadNn_normal.jpg",false,false,""
"1588584954","Abineee","Bibine 🇵🇸","Bibine","🇵🇸","Member",false,false,false,false,"https://www.x.com/Abineee","https://pbs.twimg.com/profile_images/1827986674372239361/zjpaw9Z-_normal.jpg",false,false,""
"1561215983657762816","Ren13131","Ren 1313","Ren","1313","Member",false,false,false,false,"https://www.x.com/Ren13131","https://pbs.twimg.com/profile_images/1784501068493402112/q8zPqw6v_normal.jpg",false,false,""
"847830492267159553","MudBlood_","HalfBloodPrince","HalfBloodPrince","","Member",false,false,false,false,"https://www.x.com/MudBlood_","https://pbs.twimg.com/profile_images/1386202326289981440/EwTM6Okd_normal.jpg",false,false,""
"1489266934075908102","unknown444450","max","max","","Member",false,false,false,false,"https://www.x.com/unknown444450","https://pbs.twimg.com/profile_images/1593837525034229760/scR4oZkd_normal.jpg",false,false,""
"1278961274693419009","miawzuki","Mai","Mai","","Member",false,false,false,false,"https://www.x.com/miawzuki","https://pbs.twimg.com/profile_images/1824799246803193856/cdLEPTGD_normal.jpg",false,false,""
"254501540","rafakram","Anda","Anda","","Member",false,false,false,false,"https://www.x.com/rafakram","https://pbs.twimg.com/profile_images/1280179097834934272/fa33gBNH_normal.jpg",false,false,""
"1177088073307287552","xsus__","xsus pirates","xsus","pirates","Member",false,false,false,false,"https://www.x.com/xsus__","https://pbs.twimg.com/profile_images/1580103383998169091/tyZs27oL_normal.jpg",false,false,""
"1068254636224610304","ndriwazz","Wazri","Wazri","","Member",false,false,false,false,"https://www.x.com/ndriwazz","https://pbs.twimg.com/profile_images/1576890050348199936/eIFhYClh_normal.jpg",false,false,""
"1083791355556417538","dimasariiyans","kosongtiga","kosongtiga","","Member",false,false,false,false,"https://www.x.com/dimasariiyans","https://pbs.twimg.com/profile_images/1741452188285796353/aSZ829uW_normal.jpg",false,false,""
"2982276341","SonOf_Sunn","dhoo","dhoo","","Member",false,false,false,false,"https://www.x.com/SonOf_Sunn","https://pbs.twimg.com/profile_images/1819386061421998080/5OeoTVhU_normal.jpg",false,false,""
"1227021163047505920","DarKeylo","Manusia Biasa","Manusia","Biasa","Member",false,false,false,false,"https://www.x.com/DarKeylo","https://pbs.twimg.com/profile_images/1651434338658177024/0ZyMjEz-_normal.jpg",false,false,""
"627170912","ayuriiiiii","𝓐𝔂","𝓐𝔂","","Member",false,false,false,false,"https://www.x.com/ayuriiiiii","https://pbs.twimg.com/profile_images/1824092659214159872/who5d263_normal.jpg",false,false,""
"1273967235594215425","hanyarizkasja","🐿","🐿","","Member",false,false,false,false,"https://www.x.com/hanyarizkasja","https://pbs.twimg.com/profile_images/1701226069091815424/8kmf183f_normal.jpg",false,false,""
"1112395135046696960","conddoriano","ilvysm","ilvysm","","Member",false,false,false,false,"https://www.x.com/conddoriano","https://pbs.twimg.com/profile_images/1790761680886231040/XkcVimw0_normal.jpg",false,false,""
"507357498","seblakrajungan","risu","risu","","Member",false,false,false,false,"https://www.x.com/seblakrajungan","https://pbs.twimg.com/profile_images/1524561230307860481/pqOrf-C2_normal.jpg",false,false,""
"865518203631312899","Slmama99","Salma","Salma","","Member",false,false,false,false,"https://www.x.com/Slmama99","https://pbs.twimg.com/profile_images/1644698251227172871/CaD0YtVw_normal.jpg",false,false,""
"1215870879906746368","ldyasyf","…","…","","Member",false,false,false,false,"https://www.x.com/ldyasyf","https://pbs.twimg.com/profile_images/1712844256426233856/Fzaio2zc_normal.jpg",false,false,""
"1229297993834057728","ashgreyyi","nd✨","nd✨","","Member",false,false,false,false,"https://www.x.com/ashgreyyi","https://pbs.twimg.com/profile_images/1825151856366280704/hB-Kv93u_normal.jpg",false,false,""
"1316956737941876736","refaaalia","r","r","","Member",false,false,false,false,"https://www.x.com/refaaalia","https://pbs.twimg.com/profile_images/1601132765772062720/8xDLVSe-_normal.jpg",false,false,""
"1467020293768048641","franglpanl","cha","cha","","Member",false,false,false,false,"https://www.x.com/franglpanl","https://pbs.twimg.com/profile_images/1755583511388635136/iYJT4--z_normal.jpg",false,false,""
"744152220636086272","etherealsmile7","mar•ᴗ•⁷ ⍤⃝💜","mar•ᴗ•⁷","⍤⃝💜","Member",false,false,false,false,"https://www.x.com/etherealsmile7","https://pbs.twimg.com/profile_images/1829855276679254016/G4fQL2YV_normal.jpg",false,false,""
"1522215381040910346","wiiiiishmeluck","anewthetic🦎","anewthetic🦎","","Member",false,false,false,false,"https://www.x.com/wiiiiishmeluck","https://pbs.twimg.com/profile_images/1641490008971550720/1dWYMkLP_normal.jpg",false,false,""
"1287241128261980161","yourenjii","Orenji","Orenji","","Member",false,false,false,false,"https://www.x.com/yourenjii","https://pbs.twimg.com/profile_images/1826462380009967616/F8j0hnMm_normal.jpg",false,false,""
"3268850262","0nlyselow","𝘁𝗼𝘃𝗮🇵🇸","𝘁𝗼𝘃𝗮🇵🇸","","Member",false,false,false,false,"https://www.x.com/0nlyselow","https://pbs.twimg.com/profile_images/1828467686247927808/BU4CMGbf_normal.jpg",false,false,""
"457652880","blueberlly","✨🐼","✨🐼","","Member",false,false,false,false,"https://www.x.com/blueberlly","https://pbs.twimg.com/profile_images/1707744178401423360/y2PPzeUm_normal.jpg",false,false,""
"1419135267445776391","selarassam","bitna","bitna","","Member",false,false,false,false,"https://www.x.com/selarassam","https://pbs.twimg.com/profile_images/1419141484389933056/AhdwC1kN_normal.jpg",false,false,""
"1106127062","lesyeuxdenaana","rubyjaneees","rubyjaneees","","Member",false,false,false,false,"https://www.x.com/lesyeuxdenaana","https://pbs.twimg.com/profile_images/1811084049173336065/2I_K1_jd_normal.jpg",false,false,""
"1102461073582518273","nisatrize","nisa.","nisa.","","Member",false,false,false,false,"https://www.x.com/nisatrize","https://pbs.twimg.com/profile_images/1812085671944769536/80EQG_q__normal.jpg",false,false,""
"2933548946","erpeepee","Rizky Pratama Putra","Rizky","Pratama Putra","Member",false,false,false,false,"https://www.x.com/erpeepee","https://pbs.twimg.com/profile_images/1809848388156112896/5Ek6LnwQ_normal.jpg",false,false,""
"508822503","naisterai","Balap Kucing","Balap","Kucing","Member",false,false,false,false,"https://www.x.com/naisterai","https://pbs.twimg.com/profile_images/1718563201858801665/7qfvqFiV_normal.jpg",false,false,""
"1477370081063493634","shunpuoo","lang","lang","","Member",false,false,false,false,"https://www.x.com/shunpuoo","https://pbs.twimg.com/profile_images/1638628153068503040/lRVCJAQN_normal.jpg",false,false,""
"861444560","buttercup_cy","xoxoxoxo","xoxoxoxo","","Member",false,false,false,false,"https://www.x.com/buttercup_cy","https://pbs.twimg.com/profile_images/1732448828668997633/GDUiKD2t_normal.jpg",false,false,""
"1256355726735192064","pengenpeIuk","rav","rav","","Member",false,false,false,false,"https://www.x.com/pengenpeIuk","https://pbs.twimg.com/profile_images/1695516893355122688/lVbjc7pR_normal.jpg",false,false,""
"1276104266151677953","creamcheesa","chuu♡","chuu♡","","Member",false,false,false,false,"https://www.x.com/creamcheesa","https://pbs.twimg.com/profile_images/1498467111437746177/_PgF60IG_normal.jpg",false,false,""
"1140657109584896001","fredi33632230","Tempebacem","Tempebacem","","Member",false,false,false,false,"https://www.x.com/fredi33632230","https://pbs.twimg.com/profile_images/1394339043375124480/A5_WC8Gx_normal.jpg",false,false,""
"928198697648656384","Sama_dengan_8","4+4 (;)","4+4","(;)","Member",false,false,false,false,"https://www.x.com/Sama_dengan_8","https://pbs.twimg.com/profile_images/1524055550501146624/wOqIjnCx_normal.jpg",false,false,""
"1161176884253642753","aerichadesu__","d","d","","Member",false,false,false,false,"https://www.x.com/aerichadesu__","https://pbs.twimg.com/profile_images/1729883665939992576/2SWCeG4z_normal.jpg",false,false,""
"913279044245790720","cowolovecewe","MADK134GADA2NYA","MADK134GADA2NYA","","Member",false,false,false,false,"https://www.x.com/cowolovecewe","https://pbs.twimg.com/profile_images/1626275529342189568/wqncs1z-_normal.jpg",false,false,""
"1384610220828098561","pexchtea","le✨","le✨","","Member",false,false,false,false,"https://www.x.com/pexchtea","https://pbs.twimg.com/profile_images/1680489477389824000/QIgRuFrg_normal.jpg",false,false,""
"1013370684771188737","fdlyyyy","-1","-1","","Member",false,false,false,false,"https://www.x.com/fdlyyyy","https://pbs.twimg.com/profile_images/1549438669974409217/XXwxG3_g_normal.jpg",false,false,""
"1235518077065818113","kjipcyfa","Ael","Ael","","Member",false,false,false,false,"https://www.x.com/kjipcyfa","https://pbs.twimg.com/profile_images/1736800996247089152/4ZXXJ234_normal.jpg",false,false,""
"1334460205883539456","peachiyyw","viv.","viv.","","Member",false,false,false,false,"https://www.x.com/peachiyyw","https://pbs.twimg.com/profile_images/1737784862013358080/8uPXbEOL_normal.jpg",false,false,""
"1131670529004322816","tapiiaan","bukan aab","bukan","aab","Member",false,false,false,false,"https://www.x.com/tapiiaan","https://pbs.twimg.com/profile_images/1764711464550752259/bcEx_Mu__normal.jpg",false,false,""
"1306436695269584896","versionnn","php artisan","php","artisan","Member",false,false,false,false,"https://www.x.com/versionnn","https://pbs.twimg.com/profile_images/1766807413016203264/AV3yL_Oe_normal.jpg",false,false,""
"1243220797453299712","betrayedme_","useless","useless","","Member",false,false,false,false,"https://www.x.com/betrayedme_","https://pbs.twimg.com/profile_images/1759519051142090752/lZoHVMQr_normal.jpg",false,false,""
"1413918713904959489","awaa22222","w ᰔᩚ","w","ᰔᩚ","Member",false,false,false,false,"https://www.x.com/awaa22222","https://pbs.twimg.com/profile_images/1782127237984317440/DyhdpYJ1_normal.jpg",false,false,""
"1448187074759127040","ArtemysticaI","chelz skibidi toilet","chelz","skibidi toilet","Member",false,false,false,false,"https://www.x.com/ArtemysticaI","https://pbs.twimg.com/profile_images/1803379541181861888/WesgB8jh_normal.jpg",false,false,""
"1217292668050407424","yeahniall3","1997cho","1997cho","","Member",false,false,false,false,"https://www.x.com/yeahniall3","https://pbs.twimg.com/profile_images/1431154157616959488/054vPrBi_normal.jpg",false,false,""
"1389882968362012680","voyavejvoi","clr","clr","","Member",false,false,false,false,"https://www.x.com/voyavejvoi","https://pbs.twimg.com/profile_images/1561989631943778305/04sGxUCs_normal.jpg",false,false,""
"991665296766189568","zseju","ؘ","ؘ","","Member",false,false,false,false,"https://www.x.com/zseju","https://pbs.twimg.com/profile_images/1681624354143215616/cUqiNw8Q_normal.jpg",false,false,""
"1257683017310416899","rxxsessz","unge","unge","","Member",false,false,false,false,"https://www.x.com/rxxsessz","https://pbs.twimg.com/profile_images/1799088740692086784/w9q5TjO__normal.jpg",false,false,""
"1392071682844626947","jejejujuing","aline🦋","aline🦋","","Member",false,false,false,false,"https://www.x.com/jejejujuing","https://pbs.twimg.com/profile_images/1686377735760084992/LBC9gNIy_normal.jpg",false,false,""
"1351570627254128648","akubukanpermen_","Chepassregeual👑","Chepassregeual👑","","Member",false,false,false,false,"https://www.x.com/akubukanpermen_","https://pbs.twimg.com/profile_images/1780622338356334592/HxcrV8xs_normal.jpg",false,false,""
"1176782159018778624","vibeswithdyy","pidy🌸","pidy🌸","","Member",false,false,false,false,"https://www.x.com/vibeswithdyy","https://pbs.twimg.com/profile_images/1744721498533982208/HKw9vgjm_normal.jpg",false,false,""
"1538493221722296322","noturcomrade_","cupid","cupid","","Member",false,false,false,false,"https://www.x.com/noturcomrade_","https://pbs.twimg.com/profile_images/1645195403107901440/dJmfJHDs_normal.jpg",false,false,""
"948549686775791617","artbleuu","Blu ໒꒰ྀིᵔ ᵕ ᵔ ꒱ྀི১","Blu","໒꒰ྀིᵔ ᵕ ᵔ ꒱ྀི১","Member",false,false,false,false,"https://www.x.com/artbleuu","https://pbs.twimg.com/profile_images/1823564844215492608/WgHbCcvA_normal.jpg",false,false,""
"724732767552999424","xoxoliquide","zil","zil","","Member",false,false,false,false,"https://www.x.com/xoxoliquide","https://pbs.twimg.com/profile_images/1646145590135496704/e6ORmi2n_normal.jpg",false,false,""
"1243620016018214917","peoplejustneed","Queen","Queen","","Member",false,false,false,false,"https://www.x.com/peoplejustneed","https://pbs.twimg.com/profile_images/1615693968435732487/sItnKOTY_normal.jpg",false,false,""
"1090602671445237760","klemssi","dodoy","dodoy","","Member",false,false,false,false,"https://www.x.com/klemssi","https://pbs.twimg.com/profile_images/1817417829337227264/GcgZeHek_normal.jpg",false,false,""
"1229360070820974592","haechanhukum","Azel.","Azel.","","Member",false,false,false,false,"https://www.x.com/haechanhukum","https://pbs.twimg.com/profile_images/1642771420769026049/f3DXFn7Q_normal.jpg",false,false,""
"2260187293","everyshineever","Ame 🌧","Ame","🌧","Member",false,false,false,false,"https://www.x.com/everyshineever","https://pbs.twimg.com/profile_images/1598634592763662336/cuaw3GEQ_normal.jpg",false,false,""
"1086310327082315776","lookingforjoo_","jo ✧","jo","✧","Member",false,false,false,false,"https://www.x.com/lookingforjoo_","https://pbs.twimg.com/profile_images/1743127449976905728/6PWHXrvP_normal.jpg",false,false,""
"990181752617369600","ngoomong","fia ᶻ 𝗓 𐰁 🇵🇸","fia","ᶻ 𝗓 𐰁 🇵🇸","Member",false,false,false,false,"https://www.x.com/ngoomong","https://pbs.twimg.com/profile_images/1608347661492695042/SMeKH0S7_normal.jpg",false,false,""
"1561557030351310849","onyourmmake","🐈","🐈","","Member",false,false,false,false,"https://www.x.com/onyourmmake","https://pbs.twimg.com/profile_images/1590328490070376448/U9aztyI8_normal.jpg",false,false,""
"3301577546","gkyutiee","KindaCute🫧","KindaCute🫧","","Member",false,false,false,false,"https://www.x.com/gkyutiee","https://pbs.twimg.com/profile_images/1788959797532094464/b1X5jSnO_normal.jpg",false,false,""
"1476526715987845124","aurorasate","ay","ay","","Member",false,false,false,false,"https://www.x.com/aurorasate","https://pbs.twimg.com/profile_images/1795372794991243264/wzhyMxVf_normal.jpg",false,false,""
"1477978681406414849","chifuckyuu","kj","kj","","Member",false,false,false,false,"https://www.x.com/chifuckyuu","https://pbs.twimg.com/profile_images/1785846831408390144/GusdfA0c_normal.jpg",false,false,""
"1473931446058323970","pullfy","֪","֪","","Member",false,false,false,false,"https://www.x.com/pullfy","https://pbs.twimg.com/profile_images/1603691847997460480/GuoRAs8T_normal.jpg",false,false,""
"1523538334668103680","naggiseishiro","Kamiwa.","Kamiwa.","","Member",false,false,false,false,"https://www.x.com/naggiseishiro","https://pbs.twimg.com/profile_images/1609982509001101313/umZ-KTmz_normal.jpg",false,false,""